-- by Hernan Antonio Torres
-- Maracaibo, Venezuela

IF EXISTS 
   (
     SELECT name FROM master.dbo.sysdatabases 
    WHERE name = N'github_sqlserver2'
    )
BEGIN
    SELECT 'The database exists (There is a database with the same name)' AS Message
END
ELSE
BEGIN
    CREATE DATABASE [github_sqlserver2]
    SELECT 'The database was created successfully'
END
GO

USE [github_sqlserver2]
GO
/****** Object:  Table [dbo].[account_master]    Script Date: 11-Mar-2021 9:39:08 PM ******/
SET ANSI_NULLS ON
GO
SET QUOTED_IDENTIFIER ON
GO
CREATE TABLE [dbo].[account_master](
	[id] [varchar](24) NULL,
	[label] [varchar](80) NULL,
	[type] [varchar](1) NULL,
	[short_label] [varchar](24) NULL,
	[systype] [varchar](1) NULL,
	[level_number] [smallint] NOT NULL,
	[owner] [smallint] NOT NULL,
	[source_currency] [varchar](24) NULL,
	[attribute] [smallint] NOT NULL
) ON [PRIMARY]
GO
/****** Object:  Table [dbo].[groups]    Script Date: 11-Mar-2021 9:39:08 PM ******/
SET ANSI_NULLS ON
GO
SET QUOTED_IDENTIFIER ON
GO
CREATE TABLE [dbo].[groups](
	[parent] [varchar](24) NULL,
	[child] [varchar](24) NULL,
	[xsign] [smallint] NOT NULL
) ON [PRIMARY]
GO
/****** Object:  Table [dbo].[groups_m]    Script Date: 11-Mar-2021 9:39:08 PM ******/
SET ANSI_NULLS ON
GO
SET QUOTED_IDENTIFIER ON
GO
CREATE TABLE [dbo].[groups_m](
	[id] [varchar](24) NULL,
	[label] [varchar](80) NULL,
	[short_label] [varchar](24) NULL,
	[level_number] [smallint] NOT NULL,
	[owner] [smallint] NOT NULL,
	[source_currency] [varchar](24) NULL
) ON [PRIMARY]
GO
/****** Object:  Table [dbo].[periods_planner]    Script Date: 11-Mar-2021 9:39:08 PM ******/
SET ANSI_NULLS ON
GO
SET QUOTED_IDENTIFIER ON
GO
CREATE TABLE [dbo].[periods_planner](
	[seq] [int] NOT NULL,
	[id] [varchar](24) NULL,
	[label] [varchar](80) NULL,
	[periods_year] [varchar](10) NULL,
	[periods_period] [int] NOT NULL,
	[type] [varchar](1) NULL,
	[notes] [varchar](250) NULL
) ON [PRIMARY]
GO
/****** Object:  Table [dbo].[transactions]    Script Date: 11-Mar-2021 9:39:08 PM ******/
SET ANSI_NULLS ON
GO
SET QUOTED_IDENTIFIER ON
GO
CREATE TABLE [dbo].[transactions](
	[batch] [varchar](24) NULL,
	[gm_id] [varchar](24) NULL,
	[am_id] [varchar](24) NULL,
	[pp_id] [varchar](24) NULL,
	[amount] [float] NOT NULL,
	[label] [varchar](80) NULL,
	[errors] [varchar](40) NULL
) ON [PRIMARY]
GO
/****** Object:  Table [dbo].[users_master]    Script Date: 11-Mar-2021 9:39:08 PM ******/
SET ANSI_NULLS ON
GO
SET QUOTED_IDENTIFIER ON
GO
CREATE TABLE [dbo].[users_master](
	[user_name] [varchar](250) NULL,
	[password1] [varchar](80) NULL,
	[security_level] [int] NOT NULL,
	[import_dir] [varchar](250) NULL,
	[send_dir] [varchar](250) NULL,
	[last_send] [varchar](30) NULL,
	[last_received] [varchar](30) NULL,
	[last_submit] [varchar](30) NULL,
	[f_name] [varchar](20) NULL,
	[l_name] [varchar](20) NULL,
	[notes] [varchar](250) NULL,
	[start_menu] [varchar](24) NULL,
	[logged_in] [smallint] NOT NULL,
	[last_login] [varchar](30) NULL,
	[locked] [smallint] NOT NULL,
	[email] [varchar](250) NULL,
	[login_name] [varchar](250) NULL
) ON [PRIMARY]
GO
EXEC sys.sp_addextendedproperty @name=N'MS_Description', @value=N'Cuentas configuradas por los administradores del proceso' , @level0type=N'SCHEMA',@level0name=N'dbo', @level1type=N'TABLE',@level1name=N'account_master', @level2type=N'COLUMN',@level2name=N'attribute'
GO


-- Dumping data for table github_sqlserver.account_master: -1 rows
INSERT INTO account_master ([id], [label], [type], [short_label], [systype], [level_number], [owner], [source_currency], [attribute]) VALUES
	('H110101', 'XXXX XXXXXXXXX (X.X)', 'S', NULL, 'A', -1, 0, NULL, 2),
	('H110102', 'XXXX XXXXXXXXXXX (X.X)', 'S', NULL, 'A', -1, 0, NULL, 2),
	('H110103', 'XXXX XXXXX - XXXX XXXXXXXXXXXXXX (X.X)', 'S', NULL, 'A', -1, 0, NULL, 2),
	('H110104', 'XXXXX XXX XXXXXX, X.X. XXXXX XXXXXXXXX', 'S', NULL, 'A', -1, 0, NULL, 2),
	('H110105', 'XXXXX XXXXXXXX XX XXXXXXX (X.X)', 'S', NULL, 'A', -1, 0, NULL, 2),
	('H110106', 'XXXXXXX XXXXX XXXXXXXXX (X.X)', 'S', NULL, 'A', -1, 0, NULL, 2),
	('H110107', 'XXXXX XXXXXXXXXX XX XXXXXXXXX (X.X)', 'S', NULL, 'A', -1, 0, NULL, 2),
	('H110108', 'XXXXX XXXXXXXXXXXX (X.X.)', 'S', NULL, 'A', -1, 0, NULL, 2),
	('H110109', 'XXXXX XX XXXXXXXXX (X.X)', 'S', NULL, 'A', -1, 0, NULL, 2),
	('H110110', 'XXXXX XXXXXXXXXXXX (X.X)', 'S', NULL, 'A', -1, 0, NULL, 2),
	('H110111', 'XXXXXXX XXXXXX (X.X)', 'S', NULL, 'A', -1, 0, NULL, 2),
	('H110112', 'XXXXX XXXXXXXX XX XXXXXXX XXXXXXX (X.X)', 'S', NULL, 'A', -1, 0, NULL, 2),
	('H110114', 'XXXXXXXXXXX XXXXXXXXX XX XXXXXXXX', 'S', NULL, 'A', -1, 0, NULL, 2),
	('H110115', 'XXXXX XXXXXX (X.X)', 'S', NULL, 'A', -1, 0, NULL, 2),
	('H110116', 'XXXXX XXX XXXXXX XXXX (X.X.)', 'S', NULL, 'A', -1, 0, NULL, 2),
	('H110117', 'XXXXX XXXXX XXXXX (X.X)', 'S', NULL, 'A', -1, 0, NULL, 2),
	('H110150', 'XXXX XXXXXXXXX (X.X) (XXXXXXX)', 'S', NULL, 'A', -1, 0, NULL, 2),
	('H110202', 'XXXXXXXXXXXX XX XXXXXXXXX', 'S', NULL, 'A', -1, 0, NULL, 2),
	('H110302', 'XXXXXXX XXX XXXXXX XXXXXXXXXXX', 'S', NULL, 'A', -1, 0, NULL, 2),
	('H110401', 'XXXXXXX XXX XXXXXX XXXXXXXXXXXX', 'S', NULL, 'A', -1, 0, NULL, 2),
	('H110402', 'XXXXXXXXX X XXXXXXXXXXXX', 'S', NULL, 'A', -1, 0, NULL, 2),
	('H110403', 'XXXXXXXX XXXXXX XX XXXXXX X XXXXXXX', 'S', NULL, 'A', -1, 0, NULL, 2),
	('H110404', 'XXXXXXXXX XX XXXXXXXXXX', 'S', NULL, 'A', -1, 0, NULL, 2),
	('H110405', 'XXXXXXXXX XX XXXXXXX', 'S', NULL, 'A', -1, 0, NULL, 2),
	('H110406', 'XXXXXXXXX XX XXXXXXXXXX', 'S', NULL, 'A', -1, 0, NULL, 2),
	('H110407', 'XXXXXXXXX XXXX XXXXXXXXXX', 'S', NULL, 'A', -1, 0, NULL, 2),
	('H110408', 'XXXXXXXXX XXXX XXXXXXXXXXXX', 'S', NULL, 'A', -1, 0, NULL, 2),
	('H110504', 'XXXXXXX XXX XXXXXX (XXXXXXXXX)', 'S', NULL, 'A', -1, 0, NULL, 2),
	('H110505', 'XXXXXXXXX XXX XXXXXX XXXXXXXX', 'S', NULL, 'A', -1, 0, NULL, 2),
	('H110601', 'XXXXXXXX XXXXXXXXXXX XXXXXXXXXX', 'S', NULL, 'A', -1, 0, NULL, 2),
	('H110602', 'XXXXXXXX XXXXXXXXXXX XXXXXXXXXXX', 'S', NULL, 'A', -1, 0, NULL, 2),
	('H110701', 'XXXXXXXXXXX XX XXXX.XXXX XX XXXXX', 'S', NULL, 'A', -1, 0, NULL, 2),
	('H110703', 'XXXXXXXXXX XX XXXXXXXXXX X XXXXXXXXXXX', 'S', NULL, 'A', -1, 0, NULL, 2),
	('H110801', 'XXX.XXXXXX.XXXXXXXXXXXXX X XXXX.', 'S', NULL, 'A', -1, 0, NULL, 2),
	('H110802', 'XXX.XXXXXX.XXXXXX XXXXXXXXXX', 'S', NULL, 'A', -1, 0, NULL, 2),
	('H110804', 'XXXXXXXXX XXXXXXXXXX', 'S', NULL, 'A', -1, 0, NULL, 2),
	('H111004', 'XXXX XXXXXXXX XXX XXXXXXXX', 'S', NULL, 'A', -1, 0, NULL, 2),
	('H111005', 'XXX XXXXXXXX XXX XXXXXXXX', 'S', NULL, 'A', -1, 0, NULL, 2),
	('H111010', 'XXXXX XXXXXXXX XXX XXXXXXX XXXXXX. XXXXXXXX', 'S', NULL, 'A', -1, 0, NULL, 2),
	('H111011', 'XXX XXXXXXX XXXXXX', 'S', NULL, 'A', -1, 0, NULL, 2),
	('H120201', 'XXXXXXXX (XXXXX)', 'S', NULL, 'A', -1, 0, NULL, 2),
	('H120202', 'XXXXXXXXX X XXXXXXXXXXXXX (XXXXX)', 'S', NULL, 'A', -1, 0, NULL, 2),
	('H120203', 'XXXXXXXXXXX X XXXXXXX (XXXXX)', 'S', NULL, 'A', -1, 0, NULL, 2),
	('H120204', 'XXXXXXXXXXXX (XXXXX)', 'S', NULL, 'A', -1, 0, NULL, 2),
	('H120205', 'XXXXXXXXXXX X XXXXXXX XX XXXXXXX (XXXXX)', 'S', NULL, 'A', -1, 0, NULL, 2),
	('H120206', 'XXXXXXXXX X XXXXXXXXXXX (XXXXX)', 'S', NULL, 'A', -1, 0, NULL, 2),
	('H120207', 'XXXXXXX XX XXXXXXXXXXX, XXXXX X XXXXXXXXXX (XXXXX)', 'S', NULL, 'A', -1, 0, NULL, 2),
	('H120208', 'XXXXXXXXXXXX X XXXXXXXXX XX XXXXXXXXXXX', 'S', NULL, 'A', -1, 0, NULL, 2),
	('H120209', 'XXXXXXXXXXXX XXXXXXXXX XXXXXXXXX X XXXXXXXXXXXXX', 'S', NULL, 'A', -1, 0, NULL, 2),
	('H120210', 'XXXXXXXXXXXX XXXXXXXXX XXXXXXXXXXX X XXXXXXX', 'S', NULL, 'A', -1, 0, NULL, 2),
	('H120211', 'XXXXXXXXXXXX XXXXXXXXX XXXXXXXXXXXX', 'S', NULL, 'A', -1, 0, NULL, 2),
	('H120212', 'XXXXXXXXXXXX XXXXXXXXX XXXXXXXXXXX X XXXXXXX XX XXXXXXX', 'S', NULL, 'A', -1, 0, NULL, 2),
	('H120213', 'XXXXXXXXXXXX XXXXXXXXX XXXXXXXXX X XXXXXXXXXXX', 'S', NULL, 'A', -1, 0, NULL, 2),
	('H120214', 'XXXXXXXXXXXX XXXXXXXXX XXXXXXX XX XXXXXXXXXXX, XXXXX X XXXXXXXXXXXX', 'S', NULL, 'A', -1, 0, NULL, 2),
	('H120215', 'XXXXXXXXXXXX XXXXXXXXX XXXXXXXXXXXX XX XXXXXXXXXXX', 'S', NULL, 'A', -1, 0, NULL, 2),
	('H120298', 'XXXXXX XXXXX XXXXXXX', 'S', NULL, 'A', -1, 0, NULL, 2),
	('H120299', 'XXXXXX XXXXXXXXXXXX XXXX. XXXXXXX', 'S', NULL, 'A', -1, 0, NULL, 2),
	('H12030101', 'XXXXXXXX XX XXXXXXX', 'S', NULL, 'A', -1, 0, NULL, 2),
	('H12030102', 'XXXXXXX XX XXXXXXXX', 'S', NULL, 'A', -1, 0, NULL, 2),
	('H12030103', 'XXXXXXXX', 'S', NULL, 'A', -1, 0, NULL, 2),
	('H12030104', 'XXXXX XXXXXXXXXXX', 'S', NULL, 'A', -1, 0, NULL, 2),
	('H12030201', 'XXXXXX XX XXX-XXXXXXXXX', 'S', NULL, 'A', -1, 0, NULL, 2),
	('H12030202', 'XXXXXXX XX XXX-XXXXXXXXX', 'S', NULL, 'A', -1, 0, NULL, 2),
	('H12030301', 'XXXXXX XXXXXXXXXX XX XXXX', 'S', NULL, 'A', -1, 0, NULL, 2),
	('H12030401', 'XXXXXX XX XXXXXXX XXXXXXX', 'S', NULL, 'A', -1, 0, NULL, 2),
	('H12030501', 'XXXXXXXX XXXXXXXX XX XXXXXXXX', 'S', NULL, 'A', -1, 0, NULL, 2),
	('H12030601', 'XXXXXXX XX XXXXXXXXXXXXX', 'S', NULL, 'A', -1, 0, NULL, 2),
	('H12030602', 'XXXXXXX XX XXXXX', 'S', NULL, 'A', -1, 0, NULL, 2),
	('H12030603', 'XXXXXXX XX XXXX XXXXXXXXXX', 'S', NULL, 'A', -1, 0, NULL, 2),
	('H12030604', 'XXXXXXXXXXXX', 'S', NULL, 'A', -1, 0, NULL, 2),
	('H12030605', 'XXXX XX XXXXXXXXXXXX', 'S', NULL, 'A', -1, 0, NULL, 2),
	('H12030606', 'XXXXXXXX XX XXXXXXX XX XXXXXXXXXXX XXXXXX', 'S', NULL, 'A', -1, 0, NULL, 2),
	('H12030607', 'XXXXXXX XX XXXXXX', 'S', NULL, 'A', -1, 0, NULL, 2),
	('H12030610', 'XXXXXX XXXXXXXXX', 'S', NULL, 'A', -1, 0, NULL, 2),
	('H12030612', 'XXXX XXXXXXX', 'S', NULL, 'A', -1, 0, NULL, 2),
	('H12030701', 'XXXXXXXXXXXXXXX', 'S', NULL, 'A', -1, 0, NULL, 2),
	('H12030801', 'XXXXXXXXXXXXXXXXXX', 'S', NULL, 'A', -1, 0, NULL, 2),
	('H12030901', 'XXXXXX XXXXXXX', 'S', NULL, 'A', -1, 0, NULL, 2),
	('H12031001', 'XXXXXXXX XXXXXXXXXX', 'S', NULL, 'A', -1, 0, NULL, 2),
	('H12031101', 'XXXX XX XXXXXXXX', 'S', NULL, 'A', -1, 0, NULL, 2),
	('H12031201', 'XXXXXXXXX XXXXXXXXX XXXXXXXX XXXX', 'S', NULL, 'A', -1, 0, NULL, 2),
	('H12031301', 'XXXXXX XX XXXXXXXXX XXX', 'S', NULL, 'A', -1, 0, NULL, 2),
	('H12031401', 'XXXXXXXX XXX', 'S', NULL, 'A', -1, 0, NULL, 2),
	('H120350', 'XXXX XX XXXX XXXXXX', 'S', NULL, 'A', -1, 0, NULL, 2),
	('H120351', 'XXXXXXXXXXXX XX XXXXXXX (XXXX)', 'S', NULL, 'A', -1, 0, NULL, 2),
	('H210101', 'XXXXXXXXX XXX XXXXX XXXXXX XXXXXXXXXX XX', 'S', NULL, 'L', -1, 0, NULL, 2),
	('H210202', 'XXXXXXX XXX XXXXX XXXXXXXXXXX X.X.', 'S', NULL, 'L', -1, 0, NULL, 2),
	('H210203', 'XXXXXXX XXX XXXXX XXXXXXXXXXX X.X.', 'S', NULL, 'L', -1, 0, NULL, 2),
	('H210204', 'XXXXXXXXX XXXXXXXXX XX XXXXXXXX', 'S', NULL, 'L', -1, 0, NULL, 2),
	('H210205', 'XXXXX XXXXXXX XXX XXXXX', 'S', NULL, 'L', -1, 0, NULL, 2),
	('H210301', 'XXXXXX XXX XXXXX', 'S', NULL, 'L', -1, 0, NULL, 2),
	('H210302', 'XXXX XXXXXXXXXX XXX XXXXX', 'S', NULL, 'L', -1, 0, NULL, 2),
	('H210303', 'XXXXXXXXXX XXX XXXXX', 'S', NULL, 'L', -1, 0, NULL, 2),
	('H210304', 'XXXX XXXXXXXXXXXX XXX XXXXX', 'S', NULL, 'L', -1, 0, NULL, 2),
	('H210305', 'XXXXXXXXXXXXXX XXX XXXXX', 'S', NULL, 'L', -1, 0, NULL, 2),
	('H210401', 'XXXXXXXXXXX XXXXXXXXX XXX XXXXX', 'S', NULL, 'L', -1, 0, NULL, 2),
	('H210402', 'XXXXXXXXX XXX', 'S', NULL, 'L', -1, 0, NULL, 2),
	('H210403', 'XXXXXXXXX XXX', 'S', NULL, 'L', -1, 0, NULL, 2),
	('H210404', 'XXXXXXXXX XXXX (XXXXXXX)', 'S', NULL, 'L', -1, 0, NULL, 2),
	('H210405', 'XXXXXXXXX X.X.X.X', 'S', NULL, 'L', -1, 0, NULL, 2),
	('H210406', 'XXXXXXXXX XXXX XXXXXXXXXXXX', 'S', NULL, 'L', -1, 0, NULL, 2),
	('H210407', 'XXXXXXXXXXX XXXXX XXX (XXXXXXXX XX)', 'S', NULL, 'L', -1, 0, NULL, 2),
	('H210408', 'XXXXXXXXXXX XXX XXXXXX XXXXX XXXXXXXX', 'S', NULL, 'L', -1, 0, NULL, 2),
	('H210410', 'XXXXXX XXXXXXXX XXX', 'S', NULL, 'L', -1, 0, NULL, 2),
	('H210411', 'XXXXXX XXXXXXXX XXX', 'S', NULL, 'L', -1, 0, NULL, 2),
	('H210412', 'XXXXXX XXXXXXXX XXXX', 'S', NULL, 'L', -1, 0, NULL, 2),
	('H210413', 'XXXXXX XXXXXXXX X.X.X.X', 'S', NULL, 'L', -1, 0, NULL, 2),
	('H210503', 'XXX.XXXX XXXXXXXXXXX', 'S', NULL, 'L', -1, 0, NULL, 2),
	('H210504', 'XXXXXXXX XXX XXXXXXXXX X.X.X XXX XXXXX', 'S', NULL, 'L', -1, 0, NULL, 2),
	('H210508', 'XXXXXX XXX XXX XXXXXXX', 'S', NULL, 'L', -1, 0, NULL, 2),
	('H210509', 'XXXXXX XXX', 'S', NULL, 'L', -1, 0, NULL, 2),
	('H210511', 'X.X.X. XXX XXXXX', 'S', NULL, 'L', -1, 0, NULL, 2),
	('H210601', 'XXX XXXXXX XXXXXX', 'S', NULL, 'L', -1, 0, NULL, 2),
	('H210602', 'XXX XXXXXXX XXXXXX', 'S', NULL, 'L', -1, 0, NULL, 2),
	('H210702', 'XXXXXXXXXX XXXX. XXX XXXXX', 'S', NULL, 'L', -1, 0, NULL, 2),
	('H210703', 'XXXXXXXXX XXXXXXXXX XXXX.XXX XXXXX', 'S', NULL, 'L', -1, 0, NULL, 2),
	('H531102', 'XXXXXX XXXXXXXXXX (XX)', 'S', NULL, 'E', -1, 0, NULL, 2),
	('H531104', 'XXX X XXXX (XX)', 'S', NULL, 'E', -1, 0, NULL, 2),
	('H531205', 'XXXXX XXXXXXX XXXXXX', 'S', NULL, 'E', -1, 0, NULL, 2),
	('H531301', 'XXXXXXXXXX X XXXXXXXXXXXXX (XX)', 'S', NULL, 'E', -1, 0, NULL, 2),
	('H531303', 'XXXXXX XX XXXXXX X XXXXXXXXXXXX (XX)', 'S', NULL, 'E', -1, 0, NULL, 2),
	('H531305', 'XXXXXXXXXXXXX X XXXXXX XXXXXXX (XX)', 'S', NULL, 'E', -1, 0, NULL, 2),
	('H531306', 'XXXXXXXXXXXXX X XXXXXXXXXXXXX (XX)', 'S', NULL, 'E', -1, 0, NULL, 2),
	('H531307', 'XXXXXXXXXX X XXXXXXXXXX (XX)', 'S', NULL, 'E', -1, 0, NULL, 2),
	('H531308', 'XXXXXXXX X XXXXXXXX (XX)', 'S', NULL, 'E', -1, 0, NULL, 2),
	('H531309', 'XXXXXX XX XXXXXXXXXX XX XXXX (XX)', 'S', NULL, 'E', -1, 0, NULL, 2),
	('H531310', 'XXXXXX XXXXXXXXXX (XX)', 'S', NULL, 'E', -1, 0, NULL, 2),
	('H531311', 'XXXXXXXX XXX XXXXXXX XXXXXXXXXXX (XX)', 'S', NULL, 'E', -1, 0, NULL, 2),
	('H610101', 'XXXXXXX X XXXXXXXX (XX)', 'S', NULL, 'E', -1, 0, NULL, 2),
	('H610102', 'XXXXXXXXXX (XX)', 'S', NULL, 'E', -1, 0, NULL, 2),
	('H610103', 'XXXXXXXXXX (XX)', 'S', NULL, 'E', -1, 0, NULL, 2),
	('H610104', 'XXXX XXXXXXXXXX (XX)', 'S', NULL, 'E', -1, 0, NULL, 2),
	('H610105', 'XXXX XXXXXXXXXXXX (XX)', 'S', NULL, 'E', -1, 0, NULL, 2),
	('H610106', 'X.X.X XXXXXX XXXXXXXX (XX)', 'S', NULL, 'E', -1, 0, NULL, 2),
	('H610107', 'X.X.X. XXXXXXXXXXXXXX (XX)', 'S', NULL, 'E', -1, 0, NULL, 2),
	('H610108', 'XXXXX XXXXXX XXXXXXXX (XX)', 'S', NULL, 'E', -1, 0, NULL, 2),
	('H610111', 'XXXXXXXX XXXXXXXXX (XX)', 'S', NULL, 'E', -1, 0, NULL, 2),
	('H610112', 'XXXXXXX XXXXXXXXX (XX)', 'S', NULL, 'E', -1, 0, NULL, 2),
	('H610113', 'XXXXXXXXX XXXXX XXXXXXXXXXXX XX XXXXXXXXXX (XX)', 'S', NULL, 'E', -1, 0, NULL, 2),
	('H610114', 'XXXXXXX XXXXX XX XXXXXXXXXXXX XX XXXXX. (XX)', 'S', NULL, 'E', -1, 0, NULL, 2),
	('H610115', 'XXXXXXXX XX XXXXXXXXXXXX XX XXXXXüXXXX (XX)', 'S', NULL, 'E', -1, 0, NULL, 2),
	('H610116', 'XXXXXX XXXXXX XXXXXXX (XX)', 'S', NULL, 'E', -1, 0, NULL, 2),
	('H610119', 'XXXXXXXXXX (XX)', 'S', NULL, 'E', -1, 0, NULL, 2),
	('H610120', 'XXXXXXXXXXXXXX (XX)', 'S', NULL, 'E', -1, 0, NULL, 2),
	('H610121', 'XXXXXXXXX (XX)', 'S', NULL, 'E', -1, 0, NULL, 2),
	('H610122', 'XXXXXXXXXXX XX XXXXXXXXX XXXXXXXXXX (XX)', 'S', NULL, 'E', -1, 0, NULL, 2),
	('H610123', 'XXXXXXXXX X XXXXXX (XX)', 'S', NULL, 'E', -1, 0, NULL, 2),
	('H610124', 'XXXXXXXXXX XXX XXXXXXXX (XX)', 'S', NULL, 'E', -1, 0, NULL, 2),
	('H610127', 'XXXXXXXXXX X XXXXXXXX XX XXXXXXXX (XX)', 'S', NULL, 'E', -1, 0, NULL, 2),
	('H610128', 'XXXXXXXXXX (XX)', 'S', NULL, 'E', -1, 0, NULL, 2),
	('H610129', 'XXXXXX XX XXXXXX (XX)', 'S', NULL, 'E', -1, 0, NULL, 2),
	('H610130', 'XXXXXX XXXXXXX X XXXXXXXXX (XX)', 'S', NULL, 'E', -1, 0, NULL, 2),
	('H610131', 'XXXXXXXXXXXXXX (XX)', 'S', NULL, 'E', -1, 0, NULL, 2),
	('H610134', 'X.X.X. XXXXXX XXXXXXXX (XX)', 'S', NULL, 'E', -1, 0, NULL, 2),
	('H610301', 'XXXXXXXXX (XX)', 'S', NULL, 'E', -1, 0, NULL, 2),
	('H610302', 'XXXXXXXX (XX)', 'S', NULL, 'E', -1, 0, NULL, 2),
	('H610303', 'XXXXXXXX (XX)', 'S', NULL, 'E', -1, 0, NULL, 2),
	('H610304', 'XXXXXXXX XXXXXXXXXXXXXX', 'S', NULL, 'E', -1, 0, NULL, 2),
	('H610305', 'XXXXXXXXXX (XX)', 'S', NULL, 'E', -1, 0, NULL, 2),
	('H610308', 'XXXXXXX (XX)', 'S', NULL, 'E', -1, 0, NULL, 2),
	('H610402', 'XXXXXXXXX X XXXXXXXXXXXXX (XX)', 'S', NULL, 'E', -1, 0, NULL, 2),
	('H610403', 'XXXXXXXXXXX X XXXXXXX (XX)', 'S', NULL, 'E', -1, 0, NULL, 2),
	('H610404', 'XXXXXXXXXXXX (XX)', 'S', NULL, 'E', -1, 0, NULL, 2),
	('H610405', 'XXXXXXXXXXX X XXXXXXX XX XXXXXXX (XX)', 'S', NULL, 'E', -1, 0, NULL, 2),
	('H610406', 'XXXXXXXXX X XXXXXXXXXXX (XX)', 'S', NULL, 'E', -1, 0, NULL, 2),
	('H610407', 'XXXXXXX XX XXXXXXXXXXX, XXXXX X XXXXXXXXXXXX (XX)', 'S', NULL, 'E', -1, 0, NULL, 2),
	('H610408', 'XXXXXXXXXXXX X XXXXXXXXX XX XXXXXXXXXXX (XX)', 'S', NULL, 'E', -1, 0, NULL, 2),
	('H610501', 'XXXXXX XXXXXX (XX)', 'S', NULL, 'E', -1, 0, NULL, 2),
	('H610602', 'XXXXXXXXXXX XX XXXXXXXXX (XX)', 'S', NULL, 'E', -1, 0, NULL, 2),
	('H610603', 'XXXXXXXX XX XXXXXXXX (XX)', 'S', NULL, 'E', -1, 0, NULL, 2),
	('H610604', 'XXXXXXXXX X XXXXXXXXX XX XXXXXXX (XX)', 'S', NULL, 'E', -1, 0, NULL, 2),
	('H610605', 'XXXXXXXXX (XX)', 'S', NULL, 'E', -1, 0, NULL, 2),
	('H610606', 'XXXXXXXXXX XX XXXXXXXXXX (XX)', 'S', NULL, 'E', -1, 0, NULL, 2),
	('H610609', 'XXXXXXXXXX XX XXXX (XXXXXXXXXX)(XX)', 'S', NULL, 'E', -1, 0, NULL, 2),
	('H610701', 'XXXXXXXXXXXX XXXXXXXXX X XXXXXXXXXXXXX (XX)', 'S', NULL, 'E', -1, 0, NULL, 2),
	('H610702', 'XXXXXXXXXXXX XXXXXXXXXXX X XXXXXXX (XX)', 'S', NULL, 'E', -1, 0, NULL, 2),
	('H610703', 'XXXXXXXXXXXX XXXXXXXXXXXX (XX)', 'S', NULL, 'E', -1, 0, NULL, 2),
	('H610704', 'XXXXXXXXXXXX XXXXXXXXXXX X XXXXXXX XX XXXXXXX (XX)', 'S', NULL, 'E', -1, 0, NULL, 2),
	('H610705', 'XXXXXXXXXXXX XXXXXXXXX X XXXXXXXXXXX (XX)', 'S', NULL, 'E', -1, 0, NULL, 2),
	('H610706', 'XXXXXXXXXXXX XXXXXXX XX XXXXXXXXXXX, XXXXX X XXXXXXXXXXXX (XX)', 'S', NULL, 'E', -1, 0, NULL, 2),
	('H610707', 'XXXXXXXXXXXX XXXXXXXXXXXX X XXXXXXXXX XX XXXXXXXXXóX (XX)', 'S', NULL, 'E', -1, 0, NULL, 2),
	('H610802', 'XXXXXX XX XXXXX XX XXXXXXXXX (XX)', 'S', NULL, 'E', -1, 0, NULL, 2),
	('H610901', 'XXXXXXXX XXXXXXXXX (XX)', 'S', NULL, 'E', -1, 0, NULL, 2),
	('H610902', 'XXXX, XXX X XXXX (XX)', 'S', NULL, 'E', -1, 0, NULL, 2),
	('H610903', 'XXXXXXXXX XXXX, XXXXX (XX)', 'S', NULL, 'E', -1, 0, NULL, 2),
	('H610905', 'XXXXX X XXXXX XXXXXXXXXX XX XXXXXXXX (XX)', 'S', NULL, 'E', -1, 0, NULL, 2),
	('H610907', 'XXXXXXXX X XXXXXXXXXX XXXXXXX (XX)', 'S', NULL, 'E', -1, 0, NULL, 2),
	('H610908', 'XXXXXX X XXXXXXXXXXX (XX)', 'S', NULL, 'E', -1, 0, NULL, 2),
	('H610911', 'XXXXXXXXXXX (XX)', 'S', NULL, 'E', -1, 0, NULL, 2),
	('H611101', 'XXXXXXXXXXXXX X XXXXXXXXXXXXX (XX)', 'S', NULL, 'E', -1, 0, NULL, 2),
	('H611104', 'XXX X XXXX (XX)', 'S', NULL, 'E', -1, 0, NULL, 2),
	('H611201', 'XXXXXXXXX XXXXXXXXXXX (XX)', 'S', NULL, 'E', -1, 0, NULL, 2),
	('H611203', 'XXX XXX XXXXXXX (XX)', 'S', NULL, 'E', -1, 0, NULL, 2),
	('H611204', 'XXX XXXXXXXXXX (XX)', 'S', NULL, 'E', -1, 0, NULL, 2),
	('H611207', 'XXXXX XXX XXXXXX (XX)', 'S', NULL, 'E', -1, 0, NULL, 2),
	('H611301', 'XXXXXXXXXX X XXXXXXXXXXXXX (XX)', 'S', NULL, 'E', -1, 0, NULL, 2),
	('H611305', 'XXXXXXXXXXXXX X XXXXXX XXXXXXX (XX)', 'S', NULL, 'E', -1, 0, NULL, 2),
	('H611306', 'XXXXXXXXXXXXX X XXXXXXXXXXXXX (XX)', 'S', NULL, 'E', -1, 0, NULL, 2),
	('H611308', 'XXXXXXXX X XXXXXXXX (XX)', 'S', NULL, 'E', -1, 0, NULL, 2),
	('H611309', 'XXXXXX XX XXXXXXXXXX XX XXXX (XX)', 'S', NULL, 'E', -1, 0, NULL, 2),
	('H611310', 'XXXXXX XXXXXXXXXX (XX)', 'S', NULL, 'E', -1, 0, NULL, 2),
	('H611313', 'XXXXXXX XX XXXXX XXXXXXX XXXXXXXX', 'S', NULL, 'E', -1, 0, NULL, 2),
	('H620101', 'XXXXXXX X XXXXXXXX (XX)', 'S', NULL, 'E', -1, 0, NULL, 2),
	('H620103', 'XXXXXXXXXX (XX)', 'S', NULL, 'E', -1, 0, NULL, 2),
	('H620104', 'XXXX XXXXXXXXXX (XX)', 'S', NULL, 'E', -1, 0, NULL, 2),
	('H620105', 'XXXX XXXXXXXXXXXX (XX)', 'S', NULL, 'E', -1, 0, NULL, 2),
	('H620106', 'X.X.X. XXXXXX XXXXXXXX (XX)', 'S', NULL, 'E', -1, 0, NULL, 2),
	('H620107', 'X.X.X. XXXXXXXXXXXXXX (XX)', 'S', NULL, 'E', -1, 0, NULL, 2),
	('H620108', 'XXXXX XXXXXX XXXXXXXX (XX)', 'S', NULL, 'E', -1, 0, NULL, 2),
	('H620113', 'XXXXXXXXX XXXXX XXXXXXXXXXXX XX XXXXXXXXXX (XX)', 'S', NULL, 'E', -1, 0, NULL, 2),
	('H620115', 'XXXXXXXX XX XXXXXXXXXXXX XX XXXXXXXXXX (XX)', 'S', NULL, 'E', -1, 0, NULL, 2),
	('H620120', 'XXXXXXXXXXXXXX (XX)', 'S', NULL, 'E', -1, 0, NULL, 2),
	('H620122', 'XXXXXXXXXXX XX XXXXXXXXX XXXXXXXXXX (XX)', 'S', NULL, 'E', -1, 0, NULL, 2),
	('H620124', 'XXXXXXXXXX XXX XXXXXXXX (XX)', 'S', NULL, 'E', -1, 0, NULL, 2),
	('H620127', 'XXXXXXXXXX X XXXXXXXX XX XXXXXXXX (XX)', 'S', NULL, 'E', -1, 0, NULL, 2),
	('H620129', 'XXXXXX XX XXXXXX (XX)', 'S', NULL, 'E', -1, 0, NULL, 2),
	('H620130', 'XXXXXX XXXXXXX X XXXXXXXXX (XX)', 'S', NULL, 'E', -1, 0, NULL, 2),
	('H620134', 'X.X.X. XXXXXX XXXXXXXX (XX)', 'S', NULL, 'E', -1, 0, NULL, 2),
	('H620305', 'XXXXXXXXXX (XX)', 'S', NULL, 'E', -1, 0, NULL, 2),
	('H620308', 'XXXXXXX (XX)', 'S', NULL, 'E', -1, 0, NULL, 2),
	('H620402', 'XXXXXXXXX X XXXXXXXXXXXXX (XX)', 'S', NULL, 'E', -1, 0, NULL, 2),
	('H620403', 'XXXXXXXXXXX X XXXXXXX (XX)', 'S', NULL, 'E', -1, 0, NULL, 2),
	('H620405', 'XXXXXXXXXXX X XXXXXXX XX XXXXXXX (XX)', 'S', NULL, 'E', -1, 0, NULL, 2),
	('H620406', 'XXXXXXXXX X XXXXXXXXXXX (XX)', 'S', NULL, 'E', -1, 0, NULL, 2),
	('H620501', 'XXXXXX XXXXXX (XX)', 'S', NULL, 'E', -1, 0, NULL, 2),
	('H620604', 'XXXXXXXXX X XXXXXXXXX XX XXXXXXX (XX)', 'S', NULL, 'E', -1, 0, NULL, 2),
	('H620605', 'XXXXXXXXX (XX)', 'S', NULL, 'E', -1, 0, NULL, 2),
	('H620606', 'XXXXXXXXXX XX XXXXXXXXXX (XX)', 'S', NULL, 'E', -1, 0, NULL, 2),
	('H620802', 'XXXXXX XX XXXXX XX XXXXXXXXX (XX)', 'S', NULL, 'E', -1, 0, NULL, 2),
	('H620901', 'XXXXXXXX XXXXXXXXX (XX)', 'S', NULL, 'E', -1, 0, NULL, 2),
	('H620905', 'XXXXX X XXXXX XXXXXXXXXX XX XXXXXXXX (XX)', 'S', NULL, 'E', -1, 0, NULL, 2),
	('H210704', 'XXXXXXXXXXXXXX X XXXXXXXXXX', 'S', NULL, 'L', -1, 0, NULL, 2),
	('H210708', 'XXXXXXXXX XXX XXXXX', 'S', NULL, 'L', -1, 0, NULL, 2),
	('H210709', 'XXXXX XXXXXXXXXXX XX XXXXXX', 'S', NULL, 'L', -1, 0, NULL, 2),
	('H220101', 'XXXXXXX XXX XXXXX XXXXXXXXXXX', 'S', NULL, 'L', -1, 0, NULL, 2),
	('H220102', 'XXXXXXX XXX XXXXX XXXXXXXX XXXXXXXXXXXX', 'S', NULL, 'L', -1, 0, NULL, 2),
	('H220103', 'XXXXX XXXXXXX XXX XXXXX XXXXXX', 'S', NULL, 'L', -1, 0, NULL, 2),
	('H220201', 'XXXXXXXXX XXX XXXXX XXXXXX XXXXXXXXXX XX', 'S', NULL, 'L', -1, 0, NULL, 2),
	('H220401', 'XXXXXXXXX XXXXXXXXX XX XXXXXXXX', 'S', NULL, 'L', -1, 0, NULL, 2),
	('H220501', 'XXXXXXXX XX XXXXXXXXXXXX XX XXXXXüXXXX', 'S', NULL, 'L', -1, 0, NULL, 2),
	('H220502', 'XXXXXX XXXXXX XXXXXXX', 'S', NULL, 'L', -1, 0, NULL, 2),
	('H220503', 'XXXXXXXX XX XXXXXXXXXXXX XX XXXXXüXXXX', 'S', NULL, 'L', -1, 0, NULL, 2),
	('H220504', 'XXXXXXXXX XXXXX XXXXXXXXXXXX XX XXXXXüXXXX', 'S', NULL, 'L', -1, 0, NULL, 2),
	('H310101', 'XXXXXXX XXXXXX XXXXXXXX X XXXXXX', 'S', NULL, 'Q', -1, 0, NULL, 2),
	('H310102', 'XXXXXXX XXXXX', 'S', NULL, 'Q', -1, 0, NULL, 2),
	('H310103', 'XXXXXX XX XXXXXXX XX XXXXXXXXXXXXXX', 'S', NULL, 'Q', -1, 0, NULL, 2),
	('H320101', 'XXXXXXXXXX XXXXXXXXX X XXXXXXXX XXXXXXXXXX', 'S', NULL, 'Q', -1, 0, NULL, 2),
	('H330101', 'XXXXXXXXX XXX XXXXXXXXXXX XX XXXXXX XXXX', 'S', NULL, 'Q', -1, 0, NULL, 2),
	('H410102', 'XXXXX XX XXXXXXXXXXXX XXXXXXXXXX', 'S', NULL, 'I', -1, 0, NULL, 2),
	('H420101', 'XXXXXXXXX XX XXXXX', 'S', NULL, 'I', -1, 0, NULL, 2),
	('H420102', 'XXXXXXXXX XX XXXXXX', 'S', NULL, 'I', -1, 0, NULL, 2),
	('H420103', 'XXXXXXXXX XX XXXXXX', 'S', NULL, 'I', -1, 0, NULL, 2),
	('H440102', 'XXXXXX XX XXXXX', 'S', NULL, 'I', -1, 0, NULL, 2),
	('H510101', 'XXXXX XX XXXXX XXXXXXXXX XXXXXXXXXX', 'S', NULL, 'E', -1, 0, NULL, 2),
	('H510102', 'XXXXX XX XXXXX XXXXXXXXXXXX XXXXXXXXXX', 'S', NULL, 'E', -1, 0, NULL, 2),
	('H520101', 'XXXXXXX X XXXXXXXX XXXXXXX (XX)', 'S', NULL, 'E', -1, 0, NULL, 2),
	('H520102', 'XXXXXXXXXX (XX)', 'S', NULL, 'E', -1, 0, NULL, 2),
	('H520103', 'XXXXXXXXXX (XX)', 'S', NULL, 'E', -1, 0, NULL, 2),
	('H520104', 'XXXX XXXXXXXXXX (XX)', 'S', NULL, 'E', -1, 0, NULL, 2),
	('H520105', 'XXXX XXXXXXXXXXXX (XX)', 'S', NULL, 'E', -1, 0, NULL, 2),
	('H520106', 'X.X.X. XXXXXX XXXXXXXX (XX)', 'S', NULL, 'E', -1, 0, NULL, 2),
	('H520107', 'X.X.X. XXXXXXXXXXXXXX (XX)', 'S', NULL, 'E', -1, 0, NULL, 2),
	('H520108', 'XXXXX XXXXXX XXXXXXXX (XX)', 'S', NULL, 'E', -1, 0, NULL, 2),
	('H520109', 'XXXXX XXXXXX XXXXXXX (XX)', 'S', NULL, 'E', -1, 0, NULL, 2),
	('H520110', 'XXXXX XXXXXX XXXXXXXXX (XX)', 'S', NULL, 'E', -1, 0, NULL, 2),
	('H520111', 'XXXXXXXX XXXXXXXXX (XX)', 'S', NULL, 'E', -1, 0, NULL, 2),
	('H520112', 'XXXXXXX XXXXXXXXX (XX)', 'S', NULL, 'E', -1, 0, NULL, 2),
	('H520113', 'XXXXXXXXX XXXXX XXXXXXXXXXXX XX XXXXXüXXXX (XX)', 'S', NULL, 'E', -1, 0, NULL, 2),
	('H520115', 'XXXXXXXX XX XXXXXXXXXXXX XX XXXXXüXXXX (XX)', 'S', NULL, 'E', -1, 0, NULL, 2),
	('H520116', 'XXXXXX XXXXXX XXXXXXX (XX)', 'S', NULL, 'E', -1, 0, NULL, 2),
	('H520120', 'XXXXXXXXXXXXXX (XX)', 'S', NULL, 'E', -1, 0, NULL, 2),
	('H520122', 'XXXXXXXXXXX XX XXXXXXXXX XXXXXXXXXX (XX)', 'S', NULL, 'E', -1, 0, NULL, 2),
	('H520134', 'X.X.X. XXXXXX XXXXXXXX (XX)', 'S', NULL, 'E', -1, 0, NULL, 2),
	('H520603', 'XXXXXXXX XX XXXXXXXX (XX)', 'S', NULL, 'E', -1, 0, NULL, 2),
	('H520604', 'XXXXXXXXX X XXXXXXXXX XX XXXXXXX (XX)', 'S', NULL, 'E', -1, 0, NULL, 2),
	('H520605', 'XXXXXXXXX (XX)', 'S', NULL, 'E', -1, 0, NULL, 2),
	('H520701', 'XXXXXX. XXXXXXXXX X XXXXXXXXXXXXX (XX)', 'S', NULL, 'E', -1, 0, NULL, 2),
	('H520702', 'XXXXXX. XXXXXXXXXXX X XXXXXXX (XX)', 'S', NULL, 'E', -1, 0, NULL, 2),
	('H521309', 'XXXXXX XX XXXXXXXXXX XX XXXX (XX)', 'S', NULL, 'E', -1, 0, NULL, 2),
	('H521310', 'XXXXXX XXXXXXXXXX (XX)', 'S', NULL, 'E', -1, 0, NULL, 2),
	('H530101', 'XXXXXXX X XXXXXXXX (XX)', 'S', NULL, 'E', -1, 0, NULL, 2),
	('H530102', 'XXXXXXXXXX (XX)', 'S', NULL, 'E', -1, 0, NULL, 2),
	('H530103', 'XXXXXXXXXX (XX)', 'S', NULL, 'E', -1, 0, NULL, 2),
	('H530104', 'XXXX XXXXXXXXXX (XX)', 'S', NULL, 'E', -1, 0, NULL, 2),
	('H530105', 'XXXX XXXXXXXXXXXX (XX)', 'S', NULL, 'E', -1, 0, NULL, 2),
	('H530106', 'X.X.X. XXXXXX XXXXXXXX (XX)', 'S', NULL, 'E', -1, 0, NULL, 2),
	('H530107', 'X.X.X. XXXXXXXXXXXXXX (XX)', 'S', NULL, 'E', -1, 0, NULL, 2),
	('H530108', 'XXXXX XXXXXX XXXXXXXX (XX)', 'S', NULL, 'E', -1, 0, NULL, 2),
	('H530109', 'XXXXX XXXXXX XXXXXXX (XX)', 'S', NULL, 'E', -1, 0, NULL, 2),
	('H530110', 'XXXXX XXXXXX XXXXXXXXX (XX)', 'S', NULL, 'E', -1, 0, NULL, 2),
	('H530111', 'XXXXXXXX XXXXXXXXX (XX)', 'S', NULL, 'E', -1, 0, NULL, 2),
	('H530112', 'XXXXXXX XXXXXXXXX (XX)', 'S', NULL, 'E', -1, 0, NULL, 2),
	('H530113', 'XXXXXXXXX XXXXX XXXXXXXXXXXX XX XXXXXüXXXX (XX)', 'S', NULL, 'E', -1, 0, NULL, 2),
	('H530115', 'XXXXXXXX XX XXXXXXXXXXXX XX XXXXXXXXXX (XX)', 'S', NULL, 'E', -1, 0, NULL, 2),
	('H530116', 'XXXXXX XXXXXX XXXXXXX (XX)', 'S', NULL, 'E', -1, 0, NULL, 2),
	('H530120', 'XXXXXXXXXXXXXX (XX)', 'S', NULL, 'E', -1, 0, NULL, 2),
	('H530121', 'XXXXXXXXX (XX)', 'S', NULL, 'E', -1, 0, NULL, 2),
	('H530122', 'XXXXXXXXXXX XX XXXXXXXXX XXXXXXXXXX (XX)', 'S', NULL, 'E', -1, 0, NULL, 2),
	('H530123', 'XXXXXXXXX X XXXXXX (XX)', 'S', NULL, 'E', -1, 0, NULL, 2),
	('H530124', 'XXXXXXXXXX XXX XXXXXXXX (XX)', 'S', NULL, 'E', -1, 0, NULL, 2),
	('H530125', 'XXXXXX X XXXXXXX XXXXXXXXXX (XX)', 'S', NULL, 'E', -1, 0, NULL, 2),
	('H530127', 'XXXXXXXXXX X XXXXXXXX XX XXXXXXXX (XX)', 'S', NULL, 'E', -1, 0, NULL, 2),
	('H530128', 'XXXXXXXXXX (XX)', 'S', NULL, 'E', -1, 0, NULL, 2),
	('H530129', 'XXXXXX XX XXXXXX (XX)', 'S', NULL, 'E', -1, 0, NULL, 2),
	('H530130', 'XXXXXX XXXXXXX X XXXXXXXXX (XX)', 'S', NULL, 'E', -1, 0, NULL, 2),
	('H530131', 'XXXXXXXXXXXXXX (XX)', 'S', NULL, 'E', -1, 0, NULL, 2),
	('H530134', 'X.X.X. XXXXXX XXXXXXXX (XX)', 'S', NULL, 'E', -1, 0, NULL, 2),
	('H530305', 'XXXXXXXXXX (XX)', 'S', NULL, 'E', -1, 0, NULL, 2),
	('H530308', 'XXXXXXX (XX)', 'S', NULL, 'E', -1, 0, NULL, 2),
	('H530401', 'XXXXXXXX (XX)', 'S', NULL, 'E', -1, 0, NULL, 2),
	('H530402', 'XXXXXXXXX X XXXXXXXXXXXXX (XX)', 'S', NULL, 'E', -1, 0, NULL, 2),
	('H530403', 'XXXXXXXXXXX X XXXXXXX (XX)', 'S', NULL, 'E', -1, 0, NULL, 2),
	('H530404', 'XXXXXXXXXXXX (XX)', 'S', NULL, 'E', -1, 0, NULL, 2),
	('H530405', 'XXXXXXXXXXX X XXXXXXX XX XXXXXXX (XX)', 'S', NULL, 'E', -1, 0, NULL, 2),
	('H530406', 'XXXXXXXXX X XXXXXXXXXXX (XX)', 'S', NULL, 'E', -1, 0, NULL, 2),
	('H530407', 'XXXXXXX XX XXXXXXXXXXX, XXXXX X XXXXXXXXXXXXXX (XX)', 'S', NULL, 'E', -1, 0, NULL, 2),
	('H530408', 'XXXXXXXXXXXX X XXXXXXXXX XX XXXXXXXXXXX (XX)', 'S', NULL, 'E', -1, 0, NULL, 2),
	('H530410', 'XXXXXXXX XXXXXX,XXXXXXX,XXXXXXXXXXXXXX XX XXXXXXXXX (XX)', 'S', NULL, 'E', -1, 0, NULL, 2),
	('H530501', 'XXXXXX XXXXXX (XX)', 'S', NULL, 'E', -1, 0, NULL, 2),
	('H530601', 'XXXXXXXXXXX X XXXXXXXXXXX (XX)', 'S', NULL, 'E', -1, 0, NULL, 2),
	('H530602', 'XXXXXXXXXXX XX XXXXXXXXX (XX)', 'S', NULL, 'E', -1, 0, NULL, 2),
	('H530603', 'XXXXXXXX XX XXXXXXXX (XX)', 'S', NULL, 'E', -1, 0, NULL, 2),
	('H530604', 'XXXXXXXXX X XXXXXXXXX XX XXXXXXX (XX)', 'S', NULL, 'E', -1, 0, NULL, 2),
	('H530605', 'XXXXXXXXX (XX)', 'S', NULL, 'E', -1, 0, NULL, 2),
	('H530606', 'XXXXXXXXXX XX XXXXXXXXXX (XX)', 'S', NULL, 'E', -1, 0, NULL, 2),
	('H530607', 'XXXXXXXXX XX XXXXXXXXXXX (XX)', 'S', NULL, 'E', -1, 0, NULL, 2),
	('H530608', 'XXXXXXXX X XXX (XXXXXX) (XX)', 'S', NULL, 'E', -1, 0, NULL, 2),
	('H530609', 'XXXXXXXXXX XX XXXX (XXXXXXXXXX)(XX)', 'S', NULL, 'E', -1, 0, NULL, 2),
	('H530701', 'XXXXXXXXXXXX XXXXXXXXX X XXXXXXXXXXXXX (XX)', 'S', NULL, 'E', -1, 0, NULL, 2),
	('H530702', 'XXXXXXXXXXXX XXXXXXXXXXX X XXXXXXX (XX)', 'S', NULL, 'E', -1, 0, NULL, 2),
	('H530704', 'XXXXXX. XXXXXXXXXXX X XXXXXXX XX XXXXXXX (XX)', 'S', NULL, 'E', -1, 0, NULL, 2),
	('H530705', 'XXXXXX. XXXXXXXXX X XXXXXXXXXXX (XX)', 'S', NULL, 'E', -1, 0, NULL, 2),
	('H530706', 'XXXXXX. XX.XX XXXXXXXXXXX, XXXXX X XXXXXXXXX. (XX)', 'S', NULL, 'E', -1, 0, NULL, 2),
	('H530802', 'XXXXXX XX XXXXX XX XXXXXXXXX (XX)', 'S', NULL, 'E', -1, 0, NULL, 2),
	('H530805', 'XXXXXXXX (XX)', 'S', NULL, 'E', -1, 0, NULL, 2),
	('H530901', 'XXXXXXXX XXXXXXXXX (XX)', 'S', NULL, 'E', -1, 0, NULL, 2),
	('H530902', 'XXXX, XXX X XXXX (XX)', 'S', NULL, 'E', -1, 0, NULL, 2),
	('H530903', 'XXXXXXXXX XXXX, XXXXX (XX)', 'S', NULL, 'E', -1, 0, NULL, 2),
	('H530905', 'XXXXX X XXXXX XXXXXXXXXX XX XXXXXXXX (XX)', 'S', NULL, 'E', -1, 0, NULL, 2),
	('H530907', 'XXXXXXXX X XXXXXXXXXX XXXXXXX (XX)', 'S', NULL, 'E', -1, 0, NULL, 2),
	('H530910', 'XXXXXXX XX XXXXXXXXXX (XX)', 'S', NULL, 'E', -1, 0, NULL, 2),
	('H530912', 'XXXXXXX XX XXXXX XX XXXXXXX', 'S', NULL, 'E', -1, 0, NULL, 2),
	('H530913', 'XXXXXXXXXXX XX XXXXXXXX X XXXXXXX', 'S', NULL, 'E', -1, 0, NULL, 2),
	('H531002', 'XXXXXXXX XXXXXXXX X XXXXXXX (XX)', 'S', NULL, 'E', -1, 0, NULL, 2),
	('H531101', 'XXXXXXXXXXXXX X XXXXXXXXXXXXX (XX)', 'S', NULL, 'E', -1, 0, NULL, 2),
	('H620907', 'XXXXXXXX X XXXXXXXXXX XXXXXXX (XX)', 'S', NULL, 'E', -1, 0, NULL, 2),
	('H621104', 'XXX X XXXX (XX)', 'S', NULL, 'E', -1, 0, NULL, 2),
	('H621301', 'XXXXXXXXXX X XXXXXXXXXXXXX (XX)', 'S', NULL, 'E', -1, 0, NULL, 2),
	('H621304', 'XXXXXXXXXX XXXXXXXX (XX)', 'S', NULL, 'E', -1, 0, NULL, 2),
	('H621309', 'XXXXXX XX XXXXXXXXXX XX XXXX (XX)', 'S', NULL, 'E', -1, 0, NULL, 2),
	('H621310', 'XXXXXX XXXXXXXXXX (XX)', 'S', NULL, 'E', -1, 0, NULL, 2),
	('H710101', 'XXXXXXX', 'S', NULL, 'R', -1, 0, NULL, 2),
	('H710103', 'XXX', 'S', NULL, 'R', -1, 0, NULL, 2),
	('H710105', 'XXXXXXXXX', 'S', NULL, 'R', -1, 0, NULL, 2),
	('H710201', 'XXXXXXX XXXXXX', 'S', NULL, 'R', -1, 0, NULL, 2),
	('H710202', 'XXX XXXXXXX', 'S', NULL, 'R', -1, 0, NULL, 2),
	('H720102', 'XXXXX XXXXXXXX XX XXXXXXX', 'S', NULL, 'E', -1, 0, NULL, 2),
	('H720105', 'XXXXX XXXXXX', 'S', NULL, 'E', -1, 0, NULL, 2),
	('H720201', 'XXXXXXX', 'S', NULL, 'E', -1, 0, NULL, 2),
	('H720202', 'XXXXX XXXXXXXX XX XXXXXXX', 'S', NULL, 'E', -1, 0, NULL, 2),
	('H720203', 'XXX', 'S', NULL, 'E', -1, 0, NULL, 2),
	('H720204', 'XXXXX XXXXXXXXXXXX', 'S', NULL, 'E', -1, 0, NULL, 2),
	('H720205', 'XXXXX XX XXXXXXXXX', 'S', NULL, 'E', -1, 0, NULL, 2),
	('H720206', 'XXXXXXX XXXXXX', 'S', NULL, 'E', -1, 0, NULL, 2),
	('H720207', 'XXX XXXXXXX', 'S', NULL, 'E', -1, 0, NULL, 2),
	('H720208', 'XXXXX XXX XXXXXX', 'S', NULL, 'E', -1, 0, NULL, 2),
	('H720209', 'XXXXX XXXXXX', 'S', NULL, 'E', -1, 0, NULL, 2),
	('H730101', 'XXXXXXXX XXX XXXXXXXXXX XX XXXXXX', 'S', NULL, 'R', -1, 0, NULL, 2),
	('H730102', 'XXXXXX XXX XXXXXXXXXX XX XXXXXX', 'S', NULL, 'E', -1, 0, NULL, 2),
	('H810101', 'XXXX XXX XXX', 'S', NULL, 'E', -1, 0, NULL, 2),
	('H810102', 'XXXX XXXXXXXX', 'S', NULL, 'E', -1, 0, NULL, 2),
	('HERRSUMIN', 'XXXXXXXXXXXX X XXXXXXXXXXX', 'S', NULL, 'A', 0, 0, NULL, 1);

-- Dumping data for table github_sqlserver.groups: -1 rows
INSERT INTO groups ([parent], [child], [xsign]) VALUES
	('CONSO', 'COMP1', 2),
	('CONSO', 'COMP2', 2),
	('CONSO', 'GRP1', 1),
	('CONSO', 'GRP2', 1),
	('CONSO', 'GRP3', 1),
	('CONSO', 'MAIN', 2),
	('CONSOUSD', 'COMP1USD', 2),
	('CONSOUSD', 'COMP2USD', 2),
	('CONSOUSD', 'GRP1USD', 1),
	('CONSOUSD', 'GRP2USD', 1),
	('CONSOUSD', 'GRP3USD', 1),
	('CONSOUSD', 'MAINUSD', 2),
	('GRP1', 'COMP1', 1),
	('GRP1', 'MAIN', 1),
	('GRP1USD', 'COMP1USD', 1),
	('GRP1USD', 'MAINUSD', 1),
	('GRP2', 'COMP2', 1),
	('GRP2USD', 'COMP2USD', 1);

-- Dumping data for table github_sqlserver.groups_m: -1 rows
INSERT INTO groups_m ([id], [label], [short_label], [level_number], [owner], [source_currency]) VALUES
	('COMP1', 'Business Company Alpha Inc. ', 'Company 1', -1, 0, 'VES'),
	('COMP1USD', 'Business Company Alpha Inc. USD$', 'Company 1 USD$', -1, 0, 'USD'),
	('COMP2', 'Business Company Beta Inc.', 'Company 2', -1, 0, 'VES'),
	('COMP2USD', 'Business Company Beta Inc. USD$', 'Company 2 USD$', -1, 0, 'USD'),
	('CONSO', 'Main Group', 'Group Main', 0, 0, 'VES'),
	('CONSOUSD', 'Main Group USD$', 'Group Main USD$', 0, 0, 'USD'),
	('GRP1', 'Group of Companies 1', 'Group 1', 0, 0, 'USD'),
	('GRP1USD', 'Group of Companies 1 USD$', 'Group 1 USD$', 0, 0, 'USD'),
	('GRP2', 'Group of Companies 2', 'Group 2', 0, 0, 'VES'),
	('GRP2USD', 'Group of Companies 2 USD$', 'Group 2 USD$', 0, 0, 'USD'),
	('GRP3', 'Group of Companies 3', 'Group 3', -1, 0, 'VES'),
	('GRP3USD', 'Group of Companies 3 USD$', 'Group 3', -1, 0, 'USD'),
	('MAIN', 'Main Company Business Inc', 'Main Company', -1, 0, 'VES'),
	('MAINUSD', 'Main Company Business Inc USD$', 'Main Company', -1, 0, 'USD');

-- Dumping data for table github_sqlserver.periods_planner: -1 rows
INSERT INTO periods_planner ([seq], [id], [label], [periods_year], [periods_period], [type], [notes]) VALUES
	(0, 'A201801', 'Jan-2018', '2018', 1, 'P', 'Datos reales Jan-2018'),
	(1, 'A201802', 'Feb-2018', '2018', 2, 'P', 'Datos reales Feb-2018'),
	(2, 'A201803', 'Mar-2018', '2018', 3, 'P', 'Datos reales Mar-2018'),
	(3, 'A201804', 'Apr-2018', '2018', 4, 'P', 'Datos reales Apr-2018'),
	(4, 'A201805', 'May-2018', '2018', 5, 'P', 'Datos reales May-2018'),
	(5, 'A201806', 'Jun-2018', '2018', 6, 'P', 'Datos reales Jun-2018'),
	(6, 'A201807', 'Jul-2018', '2018', 7, 'P', 'Datos reales Jul-2018'),
	(7, 'A201808', 'Aug-2018', '2018', 8, 'P', 'Datos reales Aug-2018'),
	(8, 'A201809', 'Sep-2018', '2018', 9, 'P', 'Datos reales Sep-2018'),
	(9, 'A201810', 'Oct-2018', '2018', 10, 'P', 'Datos reales Oct-2018'),
	(10, 'A201811', 'Nov-2018', '2018', 11, 'P', 'Datos reales Nov-2018'),
	(11, 'A201812', 'Dec-2018', '2018', 12, 'P', 'Datos reales Dec-2018'),
	(12, 'A201901', 'Jan-2019', '2019', 1, 'P', 'Datos reales Jan-2019'),
	(13, 'A201902', 'Feb-2019', '2019', 2, 'P', 'Datos reales Jan-2019'),
	(14, 'A201903', 'Mar-2019', '2019', 3, 'P', 'Datos reales Jan-2019'),
	(15, 'A201904', 'Apr-2019', '2019', 4, 'P', 'Datos reales Jan-2019'),
	(16, 'A201905', 'May-2019', '2019', 5, 'P', 'Datos reales Jan-2019'),
	(17, 'A201906', 'Jun-2019', '2019', 6, 'P', 'Datos reales Jan-2019'),
	(18, 'A201907', 'Jul-2019', '2019', 7, 'P', 'Datos reales Jan-2019'),
	(19, 'A201908', 'Aug-2019', '2019', 8, 'P', 'Datos reales Jan-2019'),
	(20, 'A201909', 'Sep-2019', '2019', 9, 'P', 'Datos reales Jan-2019'),
	(21, 'A201910', 'Oct-2019', '2019', 10, 'P', 'Datos reales Jan-2019'),
	(22, 'A201911', 'Nov-2019', '2019', 11, 'P', 'Datos reales Jan-2019'),
	(23, 'A201912', 'Dec-2019', '2019', 12, 'P', 'Datos reales Jan-2019');

-- Dumping data for table github_sqlserver.users_master: -1 rows
INSERT INTO users_master ([user_name], [password1], [security_level], [import_dir], [send_dir], [last_send], [last_received], [last_submit], [f_name], [l_name], [notes], [start_menu], [logged_in], [last_login], [locked], [email], [login_name]) VALUES
	('ADM', '227BA548E2221AC0516AABAD86056F4131', 0, NULL, NULL, NULL, NULL, NULL, '', '', NULL, NULL, 0, '2020-10-16 07:55:13', 0, NULL, ''),
	('HERNAN', '200EBE7978D0C1A2B0', 0, NULL, NULL, NULL, NULL, NULL, 'Hernan', 'Torres', '', 'External', 0, '2021-03-09 03:54:59', 0, '', ''),
	('GUEST', '200EBE7978D0C1A2B0', 1, NULL, NULL, NULL, NULL, NULL, 'Invited', 'Torres', '', 'External', 0, '2021-03-09 03:54:59', 0, '', ''),
	('GUEST1', '200EBE7978D0C1A2B0', 1, NULL, NULL, NULL, NULL, NULL, 'Invited_1', 'Torres', '', 'External', 0, '2021-03-09 03:54:59', 0, '', '');

